competitor_id,name,country,country_code,abbreviation,gender
sr:competitor:59131,"Glasspool, Lloyd",Great Britain,GBR,GLA,
sr:competitor:108099,"Cash, Julian",Great Britain,GBR,CAS,
sr:competitor:49363,"Pavic, Mate",Croatia,HRV,PAV,
sr:competitor:51836,"Arevalo-Gonzalez, Marcelo",El Salvador,SLV,ARE,
sr:competitor:14898,"Heliovaara, Harri",Finland,FIN,HEL,
sr:competitor:637970,"Patten, Henry",Great Britain,GBR,PAT,
sr:competitor:16160,"Zeballos, Horacio",Argentina,ARG,ZEB,
sr:competitor:15568,"Granollers, Marcel",Spain,ESP,GRA,
sr:competitor:36593,"Krawietz, Kevin",Germany,DEU,KRA,
sr:competitor:52293,"Putz, Tim",Germany,DEU,PUT,
sr:competitor:53785,"Skupski, Neal",Great Britain,GBR,SKU,
sr:competitor:74173,"Salisbury, Joe",Great Britain,GBR,SAL,
sr:competitor:15310,"Bolelli, Simone",Italy,ITA,BOL,
sr:competitor:95801,"Vavassori, Andrea",Italy,ITA,VAV,
sr:competitor:52065,"Harrison, Christian",USA,USA,HAR,
sr:competitor:23899,"King, Evan",USA,USA,KIN,
sr:competitor:14835,"Roger-Vasselin, Edouard",France,FRA,ROG,
sr:competitor:16608,"Mektic, Nikola",Croatia,HRV,MEK,
sr:competitor:52202,"Nys, Hugo",Monaco,MCO,NYS,
sr:competitor:127646,"Cabral, Francisco",Portugal,PRT,CAB,
sr:competitor:22967,"Bhambri, Yuki",India,IND,BHA,
sr:competitor:70348,"Goransson, Andre",Sweden,SWE,GOR,
sr:competitor:66864,"Arends, Sander",Netherlands,NLD,ARE,
sr:competitor:38181,"Molteni, Andres",Argentina,ARG,MOL,
sr:competitor:16151,"Venus, Michael",New Zealand,NZL,VEN,
sr:competitor:121182,"Guinard, Manuel",France,FRA,GUI,
sr:competitor:78793,"Miedler, Lucas",Austria,AUT,MIE,
sr:competitor:14553,"Ram, Rajeev",USA,USA,RAM,
sr:competitor:106559,"Doumbia, Sadio",France,FRA,DOU,
sr:competitor:106349,"Reboul, Fabien",France,FRA,REB,
sr:competitor:838776,"Tracy, James",USA,USA,TRA,
sr:competitor:52951,"Pel, David",Netherlands,NLD,PEL,
sr:competitor:62410,"Johnson, Luke",Great Britain,GBR,JOH,
sr:competitor:47295,"Andreozzi, Guido",Argentina,ARG,AND,
sr:competitor:112805,"Zielinski, Jan",Poland,POL,ZIE,
sr:competitor:15548,"Gonzalez, Maximo",Argentina,ARG,GON,
sr:competitor:393598,"Cash, Robert",USA,USA,CAS,
sr:competitor:230186,"Verbeek, Sem",Netherlands,NLD,VER,
sr:competitor:206889,"Galloway, Robert",USA,USA,GAL,
sr:competitor:16823,"Romboli, Fernando",Brazil,BRA,ROM,
sr:competitor:56629,"Peers, John",Australia,AUS,PEE,
sr:competitor:41475,"Arneodo, Romain",Monaco,MCO,ARN,
sr:competitor:17038,"Smith, John-Patrick",Australia,AUS,SMI,
sr:competitor:76263,"Matos, Rafael",Brazil,BRA,MAT,
sr:competitor:114831,"Erler, Alexander",Austria,AUT,ERL,
sr:competitor:231188,"Frantzen, Constantin",Germany,DEU,FRA,
sr:competitor:15305,"Gonzalez, Santiago",Mexico,MEX,GON,
sr:competitor:81059,"Gille, Sander",Belgium,BEL,GIL,
sr:competitor:112969,"Schnaitter, Jakob",Germany,DEU,SCH,
sr:competitor:936355,"Wallner, Mark",Germany,DEU,WAL,
sr:competitor:25189,"Krajicek, Austin",USA,USA,KRA,
sr:competitor:231090,"Arribage, Theo",France,FRA,ARR,
sr:competitor:59324,"Pavlasek, Adam",Czechia,CZE,PAV,
sr:competitor:87690,"Thompson, Jordan",Australia,AUS,THO,
sr:competitor:16124,"Melo, Marcelo",Brazil,BRA,MEL,
sr:competitor:16042,"Haase, Robin",Netherlands,NLD,HAA,
sr:competitor:111195,"Luz, Orlando",Brazil,BRA,LUZ,
sr:competitor:15307,"Bopanna, Rohan",India,IND,BRO,
sr:competitor:204781,"Nouza, Petr",Czechia,CZE,NOU,
sr:competitor:152900,"Rikl, Patrik",Czechia,CZE,RIK,
sr:competitor:299130,"Hijikata, Rinky",Australia,AUS,HIJ,
sr:competitor:47966,"Olivetti, Albano",France,FRA,OLI,
sr:competitor:234044,"Kirkov, Vasil",USA,USA,KIR,
sr:competitor:234124,"Stevens, Bart",Netherlands,NLD,STE,
sr:competitor:16409,"Ebden, Matthew",Australia,AUS,EBD,
sr:competitor:45105,"Behar, Ariel",Uruguay,URY,BEH,
sr:competitor:104917,"Vliegen, Joran",Belgium,BEL,VLI,
sr:competitor:287215,"Seggerman, Ryan",USA,USA,SEG,
sr:competitor:44553,"Herbert, Pierre-Hugues",France,FRA,HER,
sr:competitor:256001,"Ho, Ray",Chinese Taipei,TPE,RAY,
sr:competitor:147104,"Romios, Matthew Christopher",Australia,AUS,ROM,
sr:competitor:47834,"Murray, Jamie",Great Britain,GBR,MUR,
sr:competitor:52263,"Hidalgo, Diego",Ecuador,ECU,HID,
sr:competitor:871495,"Michelsen, Alex",USA,USA,MIC,
sr:competitor:49306,"Reyes-Varela, Miguel",Mexico,MEX,REY,
sr:competitor:243522,"Paul, Jakub",Switzerland,CHE,PAU,
sr:competitor:1020797,"Trhac, Patrik",USA,USA,TRH,
sr:competitor:204495,"Vocel, Matej",Czechia,CZE,VOC,
sr:competitor:108755,"Jebens, Hendrik",Germany,DEU,JEB,
sr:competitor:52244,"Balaji, N. Sriram",India,IND,BAL,
sr:competitor:16198,"Escobar, Gonzalo",Ecuador,ECU,ESC,
sr:competitor:16573,"Demoliner, Marcelo",Brazil,BRA,DEM,
sr:competitor:918463,"Bollipalli, Rithvik Choudary",India,IND,BOL,
sr:competitor:16992,"Willis, Marcus",Great Britain,GBR,WIL,
sr:competitor:548169,"Yuzuki, Takeru",Japan,JPN,YUZ,
sr:competitor:15588,"Rojer, Jean-Julien",Netherlands,NLD,ROJ,
sr:competitor:48646,"Barrientos, Nicolas",Colombia,COL,BAR,
sr:competitor:98413,"Drzewiecki, Karol",Poland,POL,DRZ,
sr:competitor:450383,"Harper, Cleeve",Canada,CAN,HAR,
sr:competitor:125006,"Borges, Nuno",Portugal,PRT,BOR,
sr:competitor:157396,"Veldheer, Mick",Netherlands,NLD,VEL,
sr:competitor:16275,"Dodig, Ivan",Croatia,HRV,DOD,
sr:competitor:263865,"Reynolds, Finn",New Zealand,NZL,REY,
sr:competitor:280601,"Oberleitner, Neil",Austria,AUT,OBE,
sr:competitor:973963,"Watt, James",New Zealand,NZL,WAT,
sr:competitor:104847,"Sonego, Lorenzo",Italy,ITA,SON,
sr:competitor:209202,"Chandrasekar, Anirudh",India,IND,CHA,
sr:competitor:297502,"Bayldon, Blake",Australia,AUS,BAY,
sr:competitor:77223,"Martinez, Pedro",Spain,ESP,MAR,
sr:competitor:81763,"Jacq, Gregoire",France,FRA,JAC,
sr:competitor:110707,"Pichler, David",Austria,AUT,PIC,
sr:competitor:297448,"Kiger, Mac",USA,USA,KIG,
sr:competitor:422955,"Sanchez, Luca",France,FRA,SAN,
sr:competitor:25458,"Martinez, Luis David",Venezuela,VEN,MAR,
sr:competitor:223868,"Matuszewski, Piotr",Poland,POL,MAT,
sr:competitor:53759,"Prashanth, N. Vijay Sundar",India,IND,PRA,
sr:competitor:359602,"Musetti, Lorenzo",Italy,ITA,MUS,
sr:competitor:203681,"Korda, Sebastian",USA,USA,KOR,
sr:competitor:92845,"Goldhoff, George",USA,USA,GOL,
sr:competitor:126356,"Munar, Jaume",Spain,ESP,MUN,
sr:competitor:25021,"Cervantes, Inigo",Spain,ESP,CER,
sr:competitor:121032,"Stalder, Reese",USA,USA,STA,
sr:competitor:95923,"Paris, Joshua",Great Britain,GBR,PAR,
sr:competitor:55989,"Withrow, Jackson",USA,USA,WIT,
sr:competitor:240880,"Hilderbrand, Trey",USA,USA,HIL,
sr:competitor:808628,"Shelton, Ben",USA,USA,SHE,
sr:competitor:300540,"Machac, Tomas",Czechia,CZE,MAC,
sr:competitor:146040,"Gomez, Federico Agustin",Argentina,ARG,GOM,
sr:competitor:16854,"Molchanov, Denys",Ukraine,UKR,MOL,
sr:competitor:295508,"Vrbensky, Michael",Czechia,CZE,VRB,
sr:competitor:77011,"Martos Gornes, Sergio",Spain,ESP,MAR,
sr:competitor:77653,"Cornea, Victor Vlad",Romania,ROU,COR,
sr:competitor:380004,"Harper, Patrick",Australia,AUS,HAR,
sr:competitor:99377,"Kestelboim, Mariano",Argentina,ARG,KES,
sr:competitor:390480,"Watanabe, Seita",Japan,JPN,WAT,
sr:competitor:614090,"Pieczonka, Filip",Poland,POL,PIE,
sr:competitor:37637,"Zeballos, Federico",Bolivia,BOL,ZEB,
sr:competitor:731833,"Kielan, Szymon",Poland,POL,KIE,
sr:competitor:163538,"Donski, Alexander",Bulgaria,BGR,DON,
sr:competitor:296270,"Stevenson, David",Great Britain,GBR,STE,
sr:competitor:124708,"Cukierman, Daniel",Israel,ISR,CUK,
sr:competitor:113889,"Liutarevich, Ivan",Neutral,,LIU,
sr:competitor:339377,"Lehecka, Jiri",Czechia,CZE,LEH,
sr:competitor:122368,"Griekspoor, Tallon",Netherlands,NLD,GRI,
sr:competitor:111607,"Ingildsen, Johannes",Denmark,DNK,ING,
sr:competitor:128552,"Popyrin, Alexei",Australia,AUS,POP,
sr:competitor:55745,"Negritu, Christoph",Germany,DEU,NEG,
sr:competitor:305776,"Soto, Matias",Chile,CHL,SOT,
sr:competitor:322589,"Pujol Navarro, Bruno",Spain,ESP,PUJ,
sr:competitor:210736,"Lammons, Nathaniel",USA,USA,LAM,
sr:competitor:141882,"Blancaneaux, Geoffrey",France,FRA,BLA,
sr:competitor:628218,"Karol, Milos",Slovakia,SVK,KAR,
sr:competitor:73572,"Zormann, Marcelo",Brazil,BRA,ZOR,
sr:competitor:90110,"Serdarusic, Nino",Croatia,HRV,SER,
sr:competitor:310972,"Banthia, Siddhant",India,IND,BAN,
sr:competitor:145008,"Uesugi, Kaito",Japan,JPN,UES,
sr:competitor:90080,"Khachanov, Karen",Neutral,,KHA,
sr:competitor:534043,"Darderi, Luciano",Italy,ITA,DAR,
sr:competitor:113221,"Niklas-Salminen, Patrik",Finland,FIN,NIK,
sr:competitor:90798,"Halys, Quentin",France,FRA,HAL,
sr:competitor:98981,"Jecan, Alexandru",Romania,ROU,JEC,
sr:competitor:112061,"Walkow, Szymon",Poland,POL,WAL,
sr:competitor:94485,"Bonzi, Benjamin",France,FRA,BON,
sr:competitor:180104,"Reymond, Arthur",France,FRA,REY,
sr:competitor:58877,"Ramanathan, Ramkumar",India,IND,RAM,
sr:competitor:72420,"Merino, Alexander",Peru,PER,MER,
sr:competitor:220588,"Hsu, Yu Hsiou",Chinese Taipei,TPE,HSU,
sr:competitor:145936,"Kaliyanda Poonacha, Niki",India,IND,KAL,
sr:competitor:100069,"Sachko, Vitaliy",Ukraine,UKR,SAC,
sr:competitor:723013,"Pokorny, Lukas",Slovakia,SVK,POK,
sr:competitor:126622,"Ruehl, Tim",Germany,DEU,RUE,
sr:competitor:233144,"Duda, Filip",Czechia,CZE,DUD,
sr:competitor:272245,"Latinovic, Stefan",Serbia,SRB,LAT,
sr:competitor:263917,"Draxl, Liam",Canada,CAN,DRA,
sr:competitor:84671,"Britto, Luis",Brazil,BRA,BRI,
sr:competitor:59700,"Isaro, Pruchya",Thailand,THA,ISA,
sr:competitor:42151,"Nam, Ji Sung",Republic of Korea,KOR,NAM,
sr:competitor:54609,"Arias, Boris",Bolivia,BOL,ARI,
sr:competitor:52260,"Vega, David",Spain,ESP,VEG,
sr:competitor:396126,"Barnat, Jiri",Czechia,CZE,BAR,
sr:competitor:161220,"Pavel, Bogdan",Romania,ROU,PAV,
sr:competitor:405969,"Paulson, Andrew",Czechia,CZE,PAU,
sr:competitor:1015089,"Winegar, Theodore",USA,USA,WIN,
sr:competitor:132558,"Kolar, Zdenek",Czechia,CZE,KOL,
sr:competitor:58989,"Sabanov, Matej",Serbia,SRB,SAB,
sr:competitor:220590,"Huang, Tsung-Hao",Chinese Taipei,TPE,HUA,
sr:competitor:163540,"Hermans, Mats",Netherlands,NLD,HER,
sr:competitor:106755,"Rublev, Andrey",Neutral,,RUB,
sr:competitor:853643,"Romano, Filippo",Italy,ITA,ROM,
sr:competitor:43319,"Duran, Guillermo",Argentina,ARG,DUR,
sr:competitor:102339,"Van de Zandschulp, Botic",Netherlands,NLD,VAN,
sr:competitor:251091,"Noguchi, Rio",Japan,JPN,NOG,
sr:competitor:348308,"Sheehy, Joshua",USA,USA,SHE,
sr:competitor:85877,"Villanueva, Gonzalo",Argentina,ARG,VIL,
sr:competitor:106395,"Ricca, Giorgio",Italy,ITA,RIC,
sr:competitor:60920,"Nedunchezhiyan, Jeevan",India,IND,NED,
sr:competitor:124658,"Purcell, Max",Australia,AUS,PUR,
sr:competitor:272273,"Mansilla Diez, Mario",Spain,ESP,MAN,
sr:competitor:227358,"Walton, Adam",Australia,AUS,WAL,
sr:competitor:405977,"Schoolkate, Tristan",Australia,AUS,SCH,
sr:competitor:185434,"Rodriguez Taverna, Santiago",Argentina,ARG,ROD,
sr:competitor:95939,"Whitehouse, Mark",Great Britain,GBR,WHI,
sr:competitor:69362,"Mansouri, Skander",Tunisia,TUN,MAN,
sr:competitor:739643,"Loof, Thijmen",Netherlands,NLD,LOO,
sr:competitor:565070,"Monday, Johannus",Great Britain,GBR,MON,
sr:competitor:1025093,"Bianchi, Juan Jose",Venezuela,VEN,BIA,
sr:competitor:880089,"Pereira, Tiago",Portugal,PRT,PER,
sr:competitor:448357,"Spizzirri, Eliot",USA,USA,SPI,
sr:competitor:55293,"Sabanov, Ivan",Serbia,SRB,SAB,
sr:competitor:161448,"Jones, Ben",Great Britain,GBR,JON,
sr:competitor:16043,"Middelkoop, Matwe",Netherlands,NLD,MID,
sr:competitor:60614,"Poljak, David",Czechia,CZE,POL,
sr:competitor:82579,"Uchida, Kaichi",Japan,JPN,UCH,
sr:competitor:76361,"Kadhe, Arjun",India,IND,KAD,
sr:competitor:289021,"Charlton, Joshua",Australia,AUS,CHA,
sr:competitor:154490,"Pearson, Kody",Australia,AUS,PEA,
sr:competitor:283759,"Chidekh, Clement",France,FRA,CHI,
sr:competitor:44637,"Rodriguez, Cristian",Colombia,COL,ROC,
sr:competitor:294300,"Nakashima, Brandon",USA,USA,NAK,
sr:competitor:873679,"Bondioli, Federico",Italy,ITA,BON,
sr:competitor:530317,"Rincon, Daniel",Spain,ESP,RIN,
sr:competitor:78387,"Hach Verdugo, Hans",Mexico,MEX,HAC,
sr:competitor:50037,"Bortolotti, Marco",Italy,ITA,BOR,
sr:competitor:407791,"Mackinlay, James",Great Britain,GBR,MAC,
sr:competitor:392066,"Navone, Mariano",Argentina,ARG,NAV,
sr:competitor:115239,"Kaukovalta, Patrick",Finland,FIN,KAU,
sr:competitor:103625,"Geerts, Michael",Belgium,BEL,GEE,
sr:competitor:439474,"Jermar, Jan",Czechia,CZE,JER,
sr:competitor:169496,"Etcheverry, Tomas Martin",Argentina,ARG,ETC,
sr:competitor:378220,"Huertas Del Pino Cordova, Arklon",Peru,PER,HUE,
sr:competitor:686911,"Poljicak, Mili",Croatia,HRV,POL,
sr:competitor:197678,"Tsitsipas, Petros",Greece,GRC,TSI,
sr:competitor:53483,"Masur, Daniel",Germany,DEU,MAS,
sr:competitor:938667,"Schwaerzler, Joel",Austria,AUT,SCH,
sr:competitor:628034,"Kittay, Benjamin",USA,USA,KIT,
sr:competitor:505542,"Grevelius, Erik",Sweden,SWE,GRE,
sr:competitor:353586,"Fenty, Andrew",USA,USA,FEN,
sr:competitor:407783,"Fearnley, Jacob",Great Britain,GBR,FEA,
sr:competitor:130398,"Kecmanovic, Miomir",Serbia,SRB,KEC,
sr:competitor:250231,"Shimizu, Yuta",Japan,JPN,SHI,
sr:competitor:202735,"Carou, Ignacio",Uruguay,URY,CAR,
sr:competitor:39711,"Duckworth, James",Australia,AUS,DUC,
sr:competitor:457059,"Montes-de la Torre, Inaki",Spain,ESP,MON,
sr:competitor:111609,"Barroso Campos, Alberto",Spain,ESP,BAR,
sr:competitor:193912,"Dev, S D Prajwal",India,IND,DEV,
sr:competitor:305558,"Roncadelli, Franco",Uruguay,URY,RON,
sr:competitor:645442,"Genov, Anthony",Bulgaria,BGR,GEN,
sr:competitor:221556,"Alves, Mateus",Brazil,BRA,ALV,
sr:competitor:207777,"Imamura, Masamichi",Japan,JPN,IMA,
sr:competitor:927343,"Cadenasso, Gianluca",Italy,ITA,CAD,
sr:competitor:161868,"Huertas Del Pino, Connor",Peru,PER,HUE,
sr:competitor:51100,"Roca Batalla, Oriol",Spain,ESP,ROC,
sr:competitor:134602,"Perez, Alfredo",USA,USA,PER,
sr:competitor:82133,"Dellien, Murkel",Bolivia,BOL,DEV,
sr:competitor:381022,"Wendelken, Harry",Great Britain,GBR,WEN,
sr:competitor:99043,"Wang, Aoran",China,CHN,WAN,
sr:competitor:195458,"Added, Dan",France,FRA,ADD,
sr:competitor:219398,"Park, Uisung",Republic of Korea,KOR,PAR,
sr:competitor:64920,"Myneni, Saketh",India,IND,MYN,
sr:competitor:208123,"Maginley, Jody",Antigua and Barbuda,ATG,MAG,
sr:competitor:108767,"Hassan, Benjamin",Lebanon,LBN,HAS,
sr:competitor:95935,"Norrie, Cameron",Great Britain,GBR,NOR,
sr:competitor:450283,"Mpetshi Perricard, Giovanni",France,FRA,MPE,
sr:competitor:750283,"Isomura, Kokoro",Japan,JPN,ISO,
sr:competitor:437794,"Heinonen, Adam",Sweden,SWE,HEI,
sr:competitor:763106,"Barton, Hynek",Czechia,CZE,BAR,
sr:competitor:154570,"Orlov, Vladyslav",Ukraine,UKR,ORL,
sr:competitor:229024,"Zahraj, Patrick",Germany,DEU,ZAH,
sr:competitor:155860,"Lock, Courtney John",Zimbabwe,ZWE,LOC,
sr:competitor:38180,"Mena, Facundo",Argentina,ARG,MEN,
sr:competitor:312728,"Stewart, Hamish",Great Britain,GBR,STE,
sr:competitor:216502,"Broom, Charles",Great Britain,GBR,BRO,
sr:competitor:538457,"Chopra, Keshav",USA,USA,CHO,
sr:competitor:682903,"Nakagawa, Shunsuke",Japan,JPN,NAK,
sr:competitor:447733,"Hands, Tom",Great Britain,GBR,HAN,
sr:competitor:518742,"Westphal, Max",France,FRA,WES,
sr:competitor:244388,"Kalyanpur, Adil",India,IND,KAL,
sr:competitor:181384,"Sinha, Nitin Kumar",India,IND,SIN,
sr:competitor:212004,"Rodionov, Jurij",Austria,AUT,ROD,
sr:competitor:564952,"Kusuhara, Yusuke",Japan,JPN,KUS,
sr:competitor:104421,"Mies, Andreas",Germany,DEU,MIE,
sr:competitor:48225,"Dutra Da Silva, Daniel",Brazil,BRA,DUT,
sr:competitor:861461,"Caniato, Carlo Alberto",Italy,ITA,CAN,
sr:competitor:49417,"Tu, Li",Australia,AUS,TUL,
sr:competitor:412829,"Matsuda, Ryuki",Japan,JPN,MAT,
sr:competitor:763108,"Mensik, Jakub",Czechia,CZE,MEN,
sr:competitor:317355,"Somani, Parikshit",India,IND,SOM,
sr:competitor:246745,"Tajima, Naoki",Japan,JPN,TAJ,
sr:competitor:434058,"Boscardin Dias, Pedro",Brazil,BRA,BOS,
sr:competitor:395828,"Saraiva Dos Santos, Paulo Andre",Brazil,BRA,SAR,
sr:competitor:145122,"Martineau, Matteo",France,FRA,MAR,
sr:competitor:223788,"Stepanov, Roy",Israel,ISR,STE,
sr:competitor:120956,"Alcantara, Francis Casey",Philippines,PHL,ALC,
sr:competitor:321667,"Mayot, Harold",France,FRA,MAY,
sr:competitor:65606,"Agamenone, Franco",Italy,ITA,AGA,
sr:competitor:452787,"Kumar, Pranav",USA,USA,KUM,
sr:competitor:165234,"Vasa, Eero",Finland,FIN,VAS,
sr:competitor:182086,"Bass, Finn",Great Britain,GBR,BAS,
sr:competitor:79227,"Sinclair, Colin",Northern Mariana Islands,MNP,SIN,
sr:competitor:508498,"Rehberg, Max Hans",Germany,DEU,REH,
sr:competitor:671637,"Fils, Arthur",France,FRA,FIL,
sr:competitor:861511,"Engel, Justin",Germany,DEU,ENG,
sr:competitor:472975,"Bellucci, Mattia",Italy,ITA,BEL,
sr:competitor:204117,"Ugo Carabelli, Camilo",Argentina,ARG,UGO,
sr:competitor:255595,"Cerundolo, Francisco",Argentina,ARG,CER,
sr:competitor:399637,"Cobolli, Flavio",Italy,ITA,COB,
sr:competitor:373852,"Zink, Tyler",USA,USA,ZIN,
sr:competitor:217192,"Ouakaa, Aziz",Tunisia,TUN,OUA,
sr:competitor:163438,"Sun, Fajing",China,CHN,SUN,
sr:competitor:308834,"Schachter, Noah",USA,USA,SCH,
sr:competitor:1020369,"Oliveira, Bruno (2002)",Brazil,BRA,OLI,
sr:competitor:126402,"Denolly, Corentin",France,FRA,DEN,
sr:competitor:387066,"Forejtek, Jonas",Czechia,CZE,FOR,
sr:competitor:301896,"Ovcharenko, Oleksandr",Ukraine,UKR,OVC,
sr:competitor:809324,"Pacheco Mendez, Rodrigo",Mexico,MEX,PAC,
sr:competitor:722431,"Mikrut, Luka",Croatia,HRV,MIK,
sr:competitor:686709,"Simakin, Ilia",Neutral,,SIM,
sr:competitor:458575,"Agostini, Simone",Italy,ITA,AGO,
sr:competitor:342822,"Ichikawa, Taisei",Japan,JPN,ICH,
sr:competitor:96629,"Duncan, Scott",Great Britain,GBR,DUN,
sr:competitor:49172,"Dzumhur, Damir",Bosnia & Herzegovina,BIH,DZU,
sr:competitor:63438,"McDonald, Mackenzie",USA,USA,MCD,
sr:competitor:685379,"Ostapenkov, Daniil",Neutral,,OST,
sr:competitor:214824,"Aguilar, Juan Carlos",Canada,CAN,AGU,
sr:competitor:77501,"Wehnelt, Kai",Germany,DEU,WEH,
sr:competitor:628226,"Jans, Jarno",Netherlands,NLD,JAN,
sr:competitor:154740,"Delaney, Jesse",Australia,AUS,DEL,
sr:competitor:124656,"Vukic, Aleksandar",Australia,AUS,VUK,
sr:competitor:63606,"Rinderknech, Arthur",France,FRA,RIN,
sr:competitor:287543,"Hulme, Matt",Australia,AUS,HUL,
sr:competitor:42164,"Bangoura, Sekou",USA,USA,BAN,
sr:competitor:240264,"Reis Da Silva, Joao Lucas",Brazil,BRA,REI,
sr:competitor:16492,"Eysseric, Jonathan",France,FRA,EYS,
sr:competitor:92667,"Castelnuovo, Luca",Switzerland,CHE,CAS,
sr:competitor:759758,"Sakellaridis, Dimitris",Greece,GRC,SAK,
sr:competitor:369572,"Boulais, Justin",Canada,CAN,BOU,
sr:competitor:202681,"Marrero Curbelo, Ivan",Spain,ESP,MAR,
sr:competitor:52276,"Krueger, Mitchell",USA,USA,KRU,
sr:competitor:620338,"Sharipov, Marat",Neutral,,SHA,
sr:competitor:418167,"Garcian, Axel",France,FRA,GAR,
sr:competitor:210592,"Ribeiro, Eduardo",Brazil,BRA,RIB,
sr:competitor:121248,"Roveri Sidney, Gabriel",Brazil,BRA,ROV,
sr:competitor:273883,"Rocha, Francisco",Portugal,PRT,ROC,
sr:competitor:761136,"Basel, Valentin",Argentina,ARG,BAS,
sr:competitor:228372,"Soriano Barrera, Adria",Colombia,COL,SOR,
sr:competitor:497320,"Visker, Niels",Netherlands,NLD,VIS,
sr:competitor:733153,"Cook, Ethan",Australia,AUS,COO,
sr:competitor:603420,"Martin, Andres",USA,USA,MAR,
sr:competitor:312440,"Thomson, Connor",Great Britain,GBR,THO,
sr:competitor:1128937,"Miguel, Luis Guto",Brazil,BRA,MIG,
sr:competitor:69910,"Bergevi, Filip",Sweden,SWE,BER,
sr:competitor:310974,"De Jong, Jesper",Netherlands,NLD,DEJ,
sr:competitor:117916,"Shapovalov, Denis",Canada,CAN,SHA,
sr:competitor:112783,"Berrettini, Matteo",Italy,ITA,BER,
sr:competitor:195800,"Auger-Aliassime, Felix",Canada,CAN,AUG,
sr:competitor:136042,"Fritz, Taylor",USA,USA,FRI,
sr:competitor:39712,"Saville, Luke",Australia,AUS,SAV,
sr:competitor:254383,"Marozsan, Fabian",Hungary,HUN,MAR,
sr:competitor:75813,"Zhang, Zhizhen",China,CHN,ZHA,
sr:competitor:46391,"Struff, Jan-Lennard",Germany,DEU,STR,
sr:competitor:214182,"de Minaur, Alex",Australia,AUS,DE,
sr:competitor:102151,"Tabilo, Alejandro",Chile,CHL,TAB,
sr:competitor:515510,"Heide, Gustavo",Brazil,BRA,HEI,
sr:competitor:337601,"Bu, Yunchaokete",China,CHN,YUN,
sr:competitor:891669,"Tien, Learner",USA,USA,TIE,
sr:competitor:93589,"Kellovsky, Dominik",Czechia,CZE,KEL,
sr:competitor:88992,"Muller, Alexandre",France,FRA,MUL,
sr:competitor:452691,"Araujo, Pedro",Portugal,PRT,ARA,
sr:competitor:46259,"Neuchrist, Maximilian",Austria,AUT,NEU,
sr:competitor:660427,"Milavsky, Daniel",USA,USA,MIL,
sr:competitor:539343,"Kym, Jerome",Switzerland,CHE,KYM,
sr:competitor:286541,"Zhukayev, Beibit",Kazakhstan,KAZ,ZHU,
sr:competitor:83263,"Santillan, Akira",Japan,JPN,SAN,
sr:competitor:138528,"Mejia, Nicolas",Colombia,COL,MEJ,
sr:competitor:138712,"Oradini, Giovanni",Italy,ITA,ORA,
sr:competitor:156826,"van Wyk, Kris",South Africa,ZAF,VAN,
sr:competitor:79223,"Delaney, Jake",Australia,AUS,DEL,
sr:competitor:200873,"Forcano Aparicio, Ignasi",Spain,ESP,FOR,
sr:competitor:441576,"De la Fuente, Santiago",Argentina,ARG,DLF,
sr:competitor:588081,"Siniakov, Daniel",Czechia,CZE,SIN,
sr:competitor:63446,"Jung, Jason",Chinese Taipei,TPE,JUN,
sr:competitor:145112,"Huesler, Marc-Andrea",Switzerland,CHE,HUE,
sr:competitor:515478,"Sakellaridis, Stefanos",Greece,GRC,SAK,
sr:competitor:215778,"Izquierdo Luque, Rafael",Spain,ESP,IZQ,
sr:competitor:260947,"Falabella, Lautaro Agustin",Argentina,ARG,FAL,
sr:competitor:256481,"Marques, Diogo",Portugal,PRT,MAR,
sr:competitor:51304,"Stevenson, Kelsey",Canada,CAN,STE,
sr:competitor:177658,"Beauge, Maxence",France,FRA,BEA,
sr:competitor:170964,"Bittoun Kouzmine, Constantin",France,FRA,BIT,
sr:competitor:403357,"Thayne, Wally",USA,USA,THA,
sr:competitor:130442,"Rai, Ajeet",New Zealand,NZL,RAI,
sr:competitor:82157,"Marcondes, Igor",Brazil,BRA,MAR,
sr:competitor:292414,"Winter Lopez, Benjamin",Spain,ESP,WIN,
sr:competitor:552469,"Agafonov, Egor",Neutral,,AGA,
sr:competitor:378320,"Story, James",Great Britain,GBR,STO,
sr:competitor:983047,"Carboni, Lorenzo",Italy,ITA,CAR,
sr:competitor:376372,"Perez, Brandon",Venezuela,VEN,PER,
sr:competitor:494844,"Binda, Alexandr",Italy,ITA,BIN,
sr:competitor:337607,"Yang, Zijiang",China,CHN,YAN,
sr:competitor:152864,"Prihodko, Oleg",Ukraine,UKR,PRI,
sr:competitor:319353,"Barry, Charles",Ireland,IRL,BAR,
sr:competitor:362982,"Barreiros Reyes, Mateo",Brazil,BRA,BAR,
sr:competitor:256375,"Jeong, Yeongseok",Republic of Korea,KOR,JEO,
sr:competitor:297608,"Hazawa, Shinji",Japan,JPN,HAZ,
sr:competitor:679699,"Bertrand, Robin",France,FRA,BER,
sr:competitor:282361,"Golubev, Daniil",Neutral,,GOL,
sr:competitor:132834,"Barrios Vera, Marcelo Tomas",Chile,CHL,BAR,
sr:competitor:130436,"Habib, Hady",Lebanon,LBN,HAB,
sr:competitor:834054,"Prado Angelo, Juan Carlos",Bolivia,BOL,PRA,
sr:competitor:1181751,"Vasami, Jacopo",Italy,ITA,VAS,
sr:competitor:157394,"Rosenkranz, Mats",Germany,DEU,ROS,
sr:competitor:116616,"Clarke, Jay",Great Britain,GBR,CLA,
sr:competitor:84659,"Recek, Dominik",Czechia,CZE,REC,
sr:competitor:920395,"Shah, Aryan",India,IND,SHA,
sr:competitor:385204,"Verbin, Pavel",Neutral,,VER,
sr:competitor:501410,"Hignett, Liam",Great Britain,GBR,HIG,
sr:competitor:160104,"Vance, Jamie",USA,USA,VAN,
sr:competitor:322801,"Kalender, Admir",Croatia,HRV,KAL,
sr:competitor:783794,"Singh, Karan (IND)",India,IND,SIN,
sr:competitor:168420,"Andrade, Andres",Ecuador,ECU,AND,
sr:competitor:933891,"Hipfl, Nico",Austria,AUT,HIP,
sr:competitor:797282,"Dumitru, Alexandru Cristian",Romania,ROU,DUM,
sr:competitor:270137,"Klier Junior, Gilbert",Brazil,BRA,KIL,
sr:competitor:952887,"Aguilar Cardozo, Joaquin",Uruguay,URY,AGU,
sr:competitor:54975,"Casanova, Hernan",Argentina,ARG,CAS,
sr:competitor:244783,"Lorusso, Lorenzo",Italy,ITA,LOR,
sr:competitor:681071,"Ganta, Sai Karteek Reddy",India,IND,GAN,
sr:competitor:371448,"Llamas Ruiz, Pablo",Spain,ESP,LLA,
sr:competitor:119150,"Fancutt, Thomas",Australia,AUS,FAN,
sr:competitor:36300,"Travaglia, Stefano",Italy,ITA,TRA,
sr:competitor:283965,"Suresh, Dhakshineswar",India,IND,SUR,
sr:competitor:93597,"Pellegrino, Andrea",Italy,ITA,PEL,
sr:competitor:294248,"Hellum Lilleengen, Lukas",Norway,NOR,HEL,
sr:competitor:18066,"Basic, Mirza",Bosnia & Herzegovina,BIH,BAS,
sr:competitor:1011445,"Exsted, Maxwell",USA,USA,EXS,
sr:competitor:915153,"Dodig, Matej",Croatia,HRV,DOD,
sr:competitor:976405,"Taguchi, Ryotaro",Japan,JPN,TAG,
sr:competitor:17080,"Tomic, Bernard",Australia,AUS,TOM,
sr:competitor:106357,"Gerch, Lucas",Germany,DEU,GER,
sr:competitor:1080832,"Fuchs, Zachary",USA,USA,FUC,
sr:competitor:407785,"Murgett, Finn",Great Britain,GBR,MUR,
sr:competitor:48055,"Hsieh, Cheng-Peng",Chinese Taipei,TPE,HSI,
sr:competitor:210502,"Kopp, Sandro",Austria,AUT,KOP,
sr:competitor:847592,"Midon, Lautaro",Argentina,ARG,MID,
sr:competitor:906831,"Vithoontien, Leo",Japan,JPN,VIT,
sr:competitor:170976,"Ribero, Franco",Argentina,ARG,RIB,
sr:competitor:280559,"Catini, Niccolo",Italy,ITA,CAT,
sr:competitor:215696,"Schell, Niklas",Germany,DEU,SCH,
sr:competitor:157456,"Davidovich Fokina, Alejandro",Spain,ESP,DAV,
sr:competitor:365412,"Sanchez Martinez, Benito",Germany,DEU,SAN,
sr:competitor:55787,"Olivo, Renzo",Argentina,ARG,OLI,
sr:competitor:404753,"Saritas, Gokberk",Turkiye,TUR,SAR,
sr:competitor:154572,"Mashtakov, Nikita",Ukraine,UKR,MAS,
sr:competitor:605854,"Maxted, Lui",Great Britain,GBR,MAX,
sr:competitor:169492,"Aboian, Leonardo",Argentina,ARG,ABO,
sr:competitor:245779,"Martin, Dan",Canada,CAN,MAR,
sr:competitor:322729,"Bueno Gil, Alvaro",Spain,ESP,BUE,
sr:competitor:503814,"Mochizuki, Shintaro",Japan,JPN,MOC,
sr:competitor:156664,"TE, Rigele",China,CHN,RIG,
sr:competitor:350814,"Vankan, Marlon",Germany,DEU,VAN,
sr:competitor:255409,"Nortey, Isaac",Ghana,GHA,NOR,
sr:competitor:450343,"Hussey, Giles",Great Britain,GBR,HUS,
sr:competitor:193930,"Sigouin, Benjamin",Canada,CAN,SIG,
sr:competitor:208165,"Fomin, Sergey",Uzbekistan,UZB,FOM,
sr:competitor:768772,"Bar Biryukov, Petr",Neutral,,BAR,
sr:competitor:124934,"Lomakin, Grigoriy",Kazakhstan,KAZ,LOM,
sr:competitor:908817,"Woestendick, Cooper",USA,USA,WOE,
sr:competitor:389078,"Lalami Laaroussi, Younes",Morocco,MAR,LAL,
sr:competitor:780796,"Feldbausch, Kilian",Switzerland,CHE,FEL,
sr:competitor:96239,"Durasovic, Viktor",Norway,NOR,DUR,
sr:competitor:496346,"Stricker, Dominic",Switzerland,CHE,STR,
sr:competitor:312088,"Ilagan, Andre",USA,USA,ILA,
sr:competitor:283451,"Rodriguez, Lorenzo Joaquin",Argentina,ARG,ROD,
sr:competitor:14508,"Mahut, Nicolas",France,FRA,MAH,
sr:competitor:217038,"Seeman, Johannes",Estonia,EST,SEE,
sr:competitor:269535,"Potenza, Luca",Italy,ITA,POT,
sr:competitor:24009,"Betov, Sergey",Belarus,BLR,BET,
sr:competitor:908699,"Bilardo, Jacopo",Italy,ITA,BIL,
sr:competitor:829282,"Blockx, Alexander",Belgium,BEL,BLO,
sr:competitor:215492,"Cui, Jie",China,CHN,CUI,
sr:competitor:112987,"Handel, Tim",Germany,DEU,HAN,
sr:competitor:373348,"Pucinelli de Almeida, Matheus",Brazil,BRA,PDA,
sr:competitor:210636,"Poling, Karl",USA,USA,POL,
sr:competitor:100317,"Turker, Mert Naci",Turkiye,TUR,TUR,
sr:competitor:243478,"Vives Marcos, Pedro",Spain,ESP,VIV,
sr:competitor:121668,"Meligeni Alves, Felipe",Brazil,BRA,MEL,
sr:competitor:256875,"Tirante, Thiago Agustin",Argentina,ARG,TIR,
sr:competitor:978579,"Ghazouani Durand, Yanis",France,FRA,GHA,
sr:competitor:345126,"Lo, Yi Jui",Chinese Taipei,TPE,YI,
sr:competitor:341188,"Justo, Guido Ivan",Argentina,ARG,JUS,
sr:competitor:312436,"Hudd, Emile",Great Britain,GBR,HUD,
sr:competitor:50847,"Yevseyev, Denis",Kazakhstan,KAZ,YEV,
sr:competitor:435758,"Vanshelboim, Eric",Ukraine,UKR,VAN,
sr:competitor:524256,"Beckley, Alec",South Africa,ZAF,BEC,
sr:competitor:230152,"Zeuch, Tom",Germany,DEU,ZEU,
sr:competitor:355752,"Svrcina, Dalibor",Czechia,CZE,SVR,
sr:competitor:50148,"Puttergill, Calum",Australia,AUS,PUT,
sr:competitor:224936,"Nanda, Govind",USA,USA,NAN,
sr:competitor:389114,"Guillen Meza, Alvaro",Ecuador,ECU,GUI,
sr:competitor:222628,"Ayeni, Alafia",USA,USA,AVE,
sr:competitor:154486,"Masabayashi, Tomohiro",Japan,JPN,MAS,
sr:competitor:14882,"Djokovic, Novak",Serbia,SRB,DJO,
sr:competitor:807574,"Zheng, Michael",USA,USA,ZHE,
sr:competitor:412813,"Martinez, Alex",Spain,ESP,MAR,
sr:competitor:268441,"Gadamauri, Buvaysar",Belgium,BEL,GAD,
sr:competitor:837590,"Arutiunian, Erik",Belarus,BLR,ARU,
sr:competitor:137892,"Otegui, Juan Bautista",Argentina,ARG,OTE,
sr:competitor:364924,"Tudorica, Alvin Nicholas",Canada,CAN,TUD,
sr:competitor:130494,"Neos, Eleftherios",Cyprus,CYP,NEO,
sr:competitor:182875,"Efstathiou, Menelaos",Cyprus,CYP,EFS,
sr:competitor:72376,"Siniakova, Katerina",Czechia,CZE,SIN,
sr:competitor:51387,"Townsend, Taylor",USA,USA,TOW,
sr:competitor:19202,"Errani, Sara",Italy,ITA,ERR,
sr:competitor:69208,"Paolini, Jasmine",Italy,ITA,PAO,
sr:competitor:74949,"Routliffe, Erin",New Zealand,NZL,ROU,
sr:competitor:64496,"Ostapenko, Jelena",Latvia,LVA,OST,
sr:competitor:78551,"Mertens, Elise",Belgium,BEL,MER,
sr:competitor:18936,"Hsieh, Su-Wei",Chinese Taipei,TPE,HSI,
sr:competitor:43860,"Dabrowski, Gabriela",Canada,CAN,DAB,
sr:competitor:66968,"Kudermetova, Veronika",Neutral,,KUD,
sr:competitor:588071,"Shnaider, Diana",Neutral,,SHN,
sr:competitor:871583,"Andreeva, Mirra",Neutral,,AND,
sr:competitor:69718,"Danilina, Anna",Kazakhstan,KAZ,DAN,
sr:competitor:19607,"Zhang, Shuai",China,CHN,ZHA,
sr:competitor:43102,"Babos, Timea",Hungary,HUN,BAB,
sr:competitor:96075,"Stefani, Luisa",Brazil,BRA,STE,
sr:competitor:41524,"Krunic, Aleksandra",Serbia,SRB,KA,
sr:competitor:46084,"Melichar-Martinez, Nicole",USA,USA,MEL,
sr:competitor:19932,"Muhammad, Asia",USA,USA,MUH,
sr:competitor:24431,"Panova, Alexandra",Neutral,,PAN,
sr:competitor:50537,"Schuurs, Demi",Netherlands,NLD,SCH,
sr:competitor:153652,"Guo, Hanyu",China,CHN,GUO,
sr:competitor:119670,"Perez, Ellen",Australia,AUS,PER,
sr:competitor:37508,"Siegemund, Laura",Germany,DEU,SIE,
sr:competitor:150122,"Jiang, Xinyu",China,CHN,JIA,
sr:competitor:129714,"Nicholls, Olivia",Great Britain,GBR,NIC,
sr:competitor:157672,"Stollar, Fanny",Hungary,HUN,STO,
sr:competitor:142996,"Mihalikova, Tereza",Slovakia,SVK,MIH,
sr:competitor:99131,"Bucsa, Cristina",Spain,ESP,BUC,
sr:competitor:41520,"Kichenok, Lyudmyla",Ukraine,UKR,KIC,
sr:competitor:182178,"Wu, Fang-Hsien",Chinese Taipei,TPE,FAN,
sr:competitor:47810,"Khromacheva, Irina",Neutral,,KHR,
sr:competitor:45835,"Hunter, Storm",Australia,AUS,HUN,
sr:competitor:59702,"Haddad Maia, Beatriz",Brazil,BRA,HAD,
sr:competitor:91960,"Kenin, Sofia",USA,USA,KEN,
sr:competitor:64021,"Krawczyk, Desirae",USA,USA,KRA,
sr:competitor:70784,"Hozumi, Eri",Japan,JPN,HOZ,
sr:competitor:47801,"Eikeri, Ulrikke",Norway,NOR,EIK,
sr:competitor:179146,"Kalinskaya, Anna",Neutral,,KAL,
sr:competitor:48625,"Chan, Hao-Ching",Chinese Taipei,TPE,CHA,
sr:competitor:19974,"Xu, Yifan",China,CHN,YIF,
sr:competitor:128584,"Samsonova, Liudmila",Neutral,,SAM,
sr:competitor:123824,"Dolehide, Caroline",USA,USA,DOL,
sr:competitor:45915,"Yang, Zhaoxuan",China,CHN,YAN,
sr:competitor:66432,"Kato, Miyu",Japan,JPN,KAT,
sr:competitor:166124,"Olmos, Giuliana",Mexico,MEX,OLM,
sr:competitor:43547,"Aoyama, Shuko",Japan,JPN,AOY,
sr:competitor:287769,"Kessler, McCartney",USA,USA,KES,
sr:competitor:33593,"Mladenovic, Kristina",France,FRA,MLA,
sr:competitor:67759,"Alexandrova, Ekaterina",Neutral,,ALE,
sr:competitor:360038,"Stearns, Peyton",USA,USA,STE,
sr:competitor:51481,"Sutjiadi, Aldila",Indonesia,IDN,SUT,
sr:competitor:49682,"Kichenok, Nadiia",Ukraine,UKR,KIC,
sr:competitor:776340,"Joint, Maya",Australia,AUS,JOI,
sr:competitor:252223,"Rakhimova, Kamilla",Neutral,,RAK,
sr:competitor:286435,"Gadecki, Olivia",Australia,AUS,GAD,
sr:competitor:19728,"Cirstea, Sorana",Romania,ROU,CIR,
sr:competitor:215476,"Siskova, Anna",Czechia,CZE,SIS,
sr:competitor:19731,"Piter, Katarzyna",Poland,POL,PIT,
sr:competitor:60668,"Ninomiya, Makoto",Japan,JPN,NIN,
sr:competitor:373352,"Gauff, Coco",USA,USA,GAU,
sr:competitor:73542,"Gleason, Quinn",USA,USA,GLE,
sr:competitor:242602,"McNally, Catherine",USA,USA,MCC,
sr:competitor:44977,"Santamaria, Sabrina",USA,USA,SAN,
sr:competitor:401055,"Noskova, Linda",Czechia,CZE,NOS,
sr:competitor:182054,"Skoch, Miriam",Czechia,CZE,SKO,
sr:competitor:60398,"Krejcikova, Barbora",Czechia,CZE,KRE,
sr:competitor:103901,"Ruse, Elena-Gabriela",Romania,ROU,RUS,
sr:competitor:69602,"Lumsden, Maia",Great Britain,GBR,LUM,
sr:competitor:194106,"Tang, Qianhui",China,CHN,TAN,
sr:competitor:108621,"Kempen, Magali",Belgium,BEL,KEM,
sr:competitor:289507,"Fernandez, Leylah Annie",Canada,CAN,FER,
sr:competitor:799304,"Pridankina, Elena",Neutral,,PRI,
sr:competitor:235252,"Kozyreva, Maria",Russia,RUS,KOZ,
sr:competitor:46428,"Maleckova, Jesika",Czechia,CZE,MAL,
sr:competitor:329535,"Tauson, Clara",Denmark,DNK,TAU,
sr:competitor:71754,"Martins, Ingrid",Brazil,BRA,MAR,
sr:competitor:173748,"Detiuc, Anastasia",Czechia,CZE,DET,
sr:competitor:418583,"Haverlag, Isabelle",Netherlands,NLD,HAV,
sr:competitor:92879,"Shymanovich, Iryna",Neutral,,SHY,
sr:competitor:47697,"Zheng, Saisai",China,CHN,ZHE,
sr:competitor:168526,"Appleton, Emily",Great Britain,GBR,APP,
sr:competitor:64085,"Pigossi, Laura",Brazil,BRA,PIG,
sr:competitor:37504,"Kalashnikova, Oksana",Georgia,GEO,KAL,
sr:competitor:460837,"Tjen, Janice",Indonesia,IDN,TJE,
sr:competitor:208125,"Liang, En-Shuo",Chinese Taipei,TPE,LIA,
sr:competitor:41877,"Yuan, Yue",China,CHN,YUA,
sr:competitor:111189,"Zarazua, Renata",Mexico,MEX,ZAR,
sr:competitor:278887,"Kostyuk, Marta",Ukraine,UKR,KOS,
sr:competitor:245295,"Waltert, Simona",Switzerland,CHE,WAL,
sr:competitor:272217,"Wang, Xinyu",China,CHN,WAN,
sr:competitor:211262,"Danilovic, Olga",Serbia,SRB,DAN,
sr:competitor:87090,"Chong, Eudice","Hong Kong, China",HKG,CHO,
sr:competitor:88310,"Sherif Ahmed Abdelaziz, Maiar",Egypt,EGY,SHE,
sr:competitor:183957,"Kobori, Momoko",Japan,JPN,KOB,
sr:competitor:549759,"Krueger, Ashlyn",USA,USA,KRU,
sr:competitor:19655,"Niculescu, Monica",Romania,ROU,NIC,
sr:competitor:71034,"Sramkova, Rebecca",Slovakia,SVK,SRA,
sr:competitor:87834,"Hon, Priscilla",Australia,AUS,HON,
sr:competitor:52695,"Moratelli, Angelica",Italy,ITA,MOR,
sr:competitor:453301,"Jorge, Matilde",Portugal,PRT,JOR,
sr:competitor:210558,"Jorge, Francisca",Portugal,PRT,JOR,
sr:competitor:303814,"Tikhonova, Anastasia",Neutral,,TIK,
sr:competitor:143140,"Aney, Jessie",USA,USA,ANE,
sr:competitor:45545,"Putintseva, Yulia",Kazakhstan,KAZ,PUT,
sr:competitor:48451,"Cavalle-Reimers, Yvonne",Spain,ESP,CAV,
sr:competitor:235260,"Chwalinska, Maja",Poland,POL,CHW,
sr:competitor:245673,"Feng, Shuo",China,CHN,FEN,
sr:competitor:92877,"Fossa Huergo, Nicole",Italy,ITA,FOS,
sr:competitor:48486,"Gorgodze, Ekaterine",Georgia,GEO,GOR,
sr:competitor:195408,"Shimizu, Ayano",Japan,JPN,SHI,
sr:competitor:53789,"Dart, Harriet",Great Britain,GBR,DAR,
sr:competitor:378340,"Corley, Carmen",USA,USA,COR,
sr:competitor:369524,"Erjavec, Veronika",Slovenia,SVN,ERJ,
sr:competitor:52533,"Jakupovic, Dalila",Slovenia,SVN,JAK,
sr:competitor:138452,"Shibahara, Ena",Japan,JPN,SHI,
sr:competitor:60392,"Sorribes Tormo, Sara",Spain,ESP,SOR,
sr:competitor:385206,"Radisic, Nika",Slovenia,SVN,RAD,
sr:competitor:156040,"Cho, I-Hsuan",Chinese Taipei,TPE,CHO,
sr:competitor:210670,"Cho, Yi Tsen",Chinese Taipei,TPE,CHO,
sr:competitor:50915,"Plipuech, Peangtarn",Thailand,THA,PLI,
sr:competitor:72758,"Cristian, Jaqueline",Romania,ROU,CRI,
sr:competitor:119216,"Herrero Linana, Alicia",Spain,ESP,HER,
sr:competitor:51651,"Rosatello, Camilla",Italy,ITA,ROS,
sr:competitor:59762,"Barnett, Alicia",Great Britain,GBR,BAR,
sr:competitor:250285,"Falkowska, Weronika",Poland,POL,FAL,
sr:competitor:628178,"Brooks, Madeleine",Great Britain,GBR,BRO,
sr:competitor:105463,"Bouzkova, Marie",Czechia,CZE,BOU,
sr:competitor:115507,"Bolsova, Aliona",Spain,ESP,BOL,
sr:competitor:45827,"Lechemia, Elixane",France,FRA,LEC,
sr:competitor:67430,"Cascino, Estelle",France,FRA,CAS,
sr:competitor:189384,"Kulambayeva, Zhibek",Kazakhstan,KAZ,KUL,
sr:competitor:148276,"Zheng, Wushuang",China,CHN,ZHE,
sr:competitor:42289,"Linette, Magda",Poland,POL,LIN,
sr:competitor:192130,"Blinkova, Anna",Neutral,,BLI,
sr:competitor:234150,"Potapova, Anastasia",Neutral,,POT,
sr:competitor:805538,"Cross, Kayla",Canada,CAN,CRO,
sr:competitor:676251,"Wuerth, Tara",Croatia,HRV,WUR,
sr:competitor:70728,"Bhosale, Rutuja",India,IND,BHO,
sr:competitor:319455,"Baptiste, Hailey",USA,USA,BAP,
sr:competitor:143146,"Smith, Alana",USA,USA,SMI,
sr:competitor:61526,"Thombare, Prarthana",India,IND,THO,
sr:competitor:121760,"Anshba, Amina",Neutral,,ANS,
sr:competitor:152804,"Vondrousova, Marketa",Czechia,CZE,VON,
sr:competitor:51943,"Strakhova, Valeriya",Ukraine,UKR,STR,
sr:competitor:19847,"Rus, Arantxa",Netherlands,NLD,RUS,
sr:competitor:325837,"Sakellaridi, Sapfo",Greece,GRC,SAK,
sr:competitor:18251,"Williams, Venus",USA,USA,WIL,
sr:competitor:261583,"Li, Ann",USA,USA,ANN,
sr:competitor:105099,"Birrell, Kimberly",Australia,AUS,BIR,
sr:competitor:1022815,"Akli, Ayana",USA,USA,AKL,
sr:competitor:226306,"Corley, Ivana",USA,USA,COR,
sr:competitor:93657,"Karamoko, Naima",Switzerland,CHE,KAR,
sr:competitor:1017327,"Samson, Laura",Czechia,CZE,SAM,
sr:competitor:568715,"Semenistaja, Darja",Latvia,LVA,SEM,
sr:competitor:44834,"Pegula, Jessica",USA,USA,PEG,
sr:competitor:473609,"Kubka, Martyna",Poland,POL,KUB,
sr:competitor:99429,"Hule, Petra",Australia,AUS,HUL,
sr:competitor:217912,"Andreescu, Bianca",Canada,CAN,AND,
sr:competitor:52025,"Wang, Yafan",China,CHN,WAN,
sr:competitor:448121,"Rogers, Anna",USA,USA,ROG,
sr:competitor:203893,"Kucmova, Aneta",Czechia,CZE,KUC,
sr:competitor:868599,"McDonald, Ella",Great Britain,GBR,MCD,
sr:competitor:35838,"Begu, Irina-Camelia",Romania,ROU,BEG,
sr:competitor:627278,"Eala, Alexandra",Philippines,PHL,EAL,
sr:competitor:662615,"Salkova, Dominika",Czechia,CZE,SAL,
sr:competitor:215806,"Hewitt, Dalayna",USA,USA,HEW,
sr:competitor:153748,"Jones, Makenna",USA,USA,JON,
sr:competitor:223862,"Laboutkova, Aneta",Czechia,CZE,LAB,
sr:competitor:150574,"Bondar, Anna",Hungary,HUN,BON,
sr:competitor:406199,"Jacquemot, Elsa",France,FRA,JAC,
sr:competitor:18354,"Mattek-Sands, Bethanie",USA,USA,MAT,
sr:competitor:137990,"Failla, Jessica",USA,USA,FAI,
sr:competitor:172590,"Burrage, Jodie",Great Britain,GBR,BUR,
sr:competitor:152106,"Zaar, Lisa",Sweden,SWE,ZAA,
sr:competitor:378144,"Karatancheva, Lia",Bulgaria,BGR,KAR,
sr:competitor:160190,"Hartono, Arianne",Netherlands,NLD,HAR,
sr:competitor:98733,"Burillo Escorihuela, Irene",Spain,ESP,BUR,
sr:competitor:215598,"Vedder, Eva",Netherlands,NLD,VED,
sr:competitor:102637,"McAdoo, Rasheeda",USA,USA,MCA,
sr:competitor:290994,"Wong, Hong Yi Cody","Hong Kong, China",HKG,WON,
sr:competitor:53288,"Silva, Eden",Great Britain,GBR,SIL,
sr:competitor:70970,"Bhatia, Riya",India,IND,BHA,
sr:competitor:19876,"Wickmayer, Yanina",Belgium,BEL,WIC,
sr:competitor:120666,"Stojanovic, Nina",Serbia,SRB,STO,
sr:competitor:459013,"Kartal, Sonay",Great Britain,GBR,KAR,
sr:competitor:132412,"Fita Boluda, Angela",Spain,ESP,FIT,
sr:competitor:41374,"Tomova, Viktoriya",Bulgaria,BGR,TOM,
sr:competitor:335171,"Uchijima, Moyuka",Japan,JPN,UCH,
sr:competitor:242630,"Osorio, Camila",Colombia,COL,OSO,
sr:competitor:70822,"Morisaki, Kanako",Japan,JPN,MOR,
sr:competitor:137932,"Mikulskyte, Justina",Lithuania,LTU,MIK,
sr:competitor:233266,"Ovcharenko, Ekaterina",Neutral,,OVC,
sr:competitor:421379,"Rencheli, Abigail",USA,USA,REN,
sr:competitor:264863,"Novak, Kristina",Slovenia,SVN,NOV,
sr:competitor:64315,"Kuwata, Hiroko",Japan,JPN,KUW,
sr:competitor:88494,"Christie, Freya",Great Britain,GBR,CHR,
sr:competitor:20158,"Webley-Smith, Emily",Great Britain,GBR,WEB,
sr:competitor:227486,"Zantedeschi, Aurora",Italy,ITA,ZAN,
sr:competitor:283489,"Imamura, Saki",Japan,JPN,IMA,
sr:competitor:496316,"Gimbrere, Jasmijn",Netherlands,NLD,GIM,
sr:competitor:807358,"Rakotomanga Rajaonah, Tiantsoa Sarah",France,FRA,RAK,
sr:competitor:78785,"Rodriguez, Victoria",Mexico,MEX,ROD,
sr:competitor:282597,"Park, Sohyun",Republic of Korea,KOR,PAR,
sr:competitor:345070,"Arseneault, Ariana",Canada,CAN,ARS,
sr:competitor:112957,"Jeanjean, Leolia",France,FRA,JEA,
sr:competitor:46625,"Raina, Ankita",India,IND,RAI,
sr:competitor:256447,"Monnet, Carole",France,FRA,MON,
sr:competitor:49963,"Omae, Akiko",Japan,JPN,OMA,
sr:competitor:110055,"Bronzetti, Lucia",Italy,ITA,BRO,
sr:competitor:19017,"Azarenka, Victoria",Neutral,,AZA,
sr:competitor:459317,"Nugroho, Priska Madelyn",Indonesia,IDN,NUG,
sr:competitor:318195,"Parry, Diane",France,FRA,PAR,
sr:competitor:914135,"Jovic, Iva",USA,USA,JOV,
sr:competitor:244216,"Giavara, Haley",USA,USA,GIA,
sr:competitor:85077,"Muchova, Karolina",Czechia,CZE,MUC,
sr:competitor:904005,"Ibragimova, Alevtina",Neutral,,IBR,
sr:competitor:750327,"Iatcenko, Polina",Neutral,,IAT,
sr:competitor:353358,"Tran, Lian",Netherlands,NLD,TRA,
sr:competitor:202363,"Sun, Lulu",New Zealand,NZL,SUN,
sr:competitor:234398,"Nahimana, Sada",Burundi,BDI,NAH,
sr:competitor:870981,"Li, Yu-Yun",Chinese Taipei,TPE,YU-,
sr:competitor:517274,"Rajecki, Amelia",Great Britain,GBR,RAJ,
sr:competitor:842594,"Li, Zongyu",China,CHN,ZON,
sr:competitor:880229,"Cayetano, Eryn",USA,USA,CAY,
sr:competitor:52183,"Bara, Irina Maria",Romania,ROU,BARA,
sr:competitor:586739,"Ambrosio, Silvia",Italy,ITA,AMB,
sr:competitor:750329,"Candiotto, Ana",Brazil,BRA,CAN,
sr:competitor:448081,"Noha Akugue, Noma",Germany,DEU,NOH,
sr:competitor:226092,"Shimizu, Eri",Japan,JPN,SHI,
sr:competitor:505998,"Zamarripa, Maribella",USA,USA,ZAM,
sr:competitor:254551,"Udvardy, Panna",Hungary,HUN,UDV,
sr:competitor:222546,"Kuzmova, Katarina",Slovakia,SVK,KUZ,
sr:competitor:380368,"Sebestova, Ivana",Czechia,CZE,SEB,
sr:competitor:414533,"Abbagnato, Anastasia",Italy,ITA,ABB,
sr:competitor:80427,"Osborne, Alexandra",Australia,AUS,OSB,
sr:competitor:731427,"Micic, Elena",Australia,AUS,MIC,
sr:competitor:98105,"Matoula, Martha",Greece,GRC,MAT,
sr:competitor:233478,"Bayerlova, Michaela",Czechia,CZE,BAY,
sr:competitor:59662,"Sanchez, Ana Sofia",Mexico,MEX,SAN,
sr:competitor:812476,"Zaytseva, Ksenia",Neutral,,ZAY,
sr:competitor:467037,"Kudermetova, Polina",Neutral,,KUD,
sr:competitor:71284,"Bains, Naiktha",Great Britain,GBR,BAI,
sr:competitor:256547,"Parks, Alycia",USA,USA,PAR,
sr:competitor:297588,"Romero Gormaz, Leyre",Spain,ESP,ROM,
sr:competitor:812502,"Xu, Mingge",Great Britain,GBR,MIN,
sr:competitor:59213,"Perez Garcia, Maria Paulina",Colombia,COL,PER,
sr:competitor:289093,"Belgraver, Julie",France,FRA,BEL,
sr:competitor:165866,"Miyazaki, Yuriko Lily",Great Britain,GBR,MIY,
sr:competitor:67757,"Pera, Bernarda",USA,USA,PER,
sr:competitor:789688,"Ngounoue, Clervie",USA,USA,NGO,
sr:competitor:911661,"de Zeeuw, Joy",Netherlands,NLD,DE,
sr:competitor:510530,"Abe, Hiromi",Japan,JPN,ABE,
sr:competitor:46661,"Gamiz, Andrea",Venezuela,VEN,GAM,
sr:competitor:141892,"Carle, Maria",Argentina,ARG,CAR,
sr:competitor:315609,"Kraus, Sinja",Austria,AUT,KRA,
sr:competitor:63220,"Ponchet, Jessika",France,FRA,PON,
sr:competitor:45139,"Papamichail, Despina",Greece,GRC,PAP,
sr:competitor:55401,"Jabeur, Ons",Tunisia,TUN,JAB,
sr:competitor:515530,"Gomez Pezuela Cano, Marian",Mexico,MEX,GOM,
sr:competitor:213144,"Lemaitre, Tiphanie",France,FRA,LEM,
sr:competitor:315663,"Barry, Monique",New Zealand,NZL,BAR,
sr:competitor:227390,"Brancaccio, Nuria",Italy,ITA,BRA,
sr:competitor:1020859,"Pawlikowska,  Zuzanna",Poland,POL,PAW,
sr:competitor:416473,"Reyngold, Ekaterina",Neutral,,REY,
sr:competitor:133662,"Badosa, Paula",Spain,ESP,BAD,
sr:competitor:186312,"Rybakina, Elena",Kazakhstan,KAZ,RYB,
sr:competitor:352782,"Raducanu, Emma",Great Britain,GBR,RAD,
sr:competitor:745799,"Urgesi, Federica",Italy,ITA,URG,
sr:competitor:190882,"Aiava, Destanee",Australia,AUS,AIA,
sr:competitor:119874,"Ibbou, Ines",Algeria,DZA,IBB,
sr:competitor:431743,"Okutoyi, Angella",Kenya,KEN,OKU,
sr:competitor:447703,"Sato, Hikaru",Japan,JPN,SAT,
sr:competitor:66516,"Ayukawa, Mana",Japan,JPN,AYU,
sr:competitor:675189,"Preston, Taylah",Australia,AUS,PRE,
sr:competitor:355958,"Visscher, Stephanie Judith",Netherlands,NLD,VIS,
sr:competitor:104929,"Tona, Miriana",Italy,ITA,TON,
sr:competitor:813490,"Hobgarski, Katharina",Germany,DEU,HOB,
sr:competitor:138654,"Duerst, Jenny",Switzerland,CHE,DUE,
sr:competitor:337813,"Riera, Julia",Argentina,ARG,RIE,
sr:competitor:731441,"Vargova, Nina",Slovakia,SVK,VAR,
sr:competitor:936009,"van Emst, Sarah",Netherlands,NLD,VAN,
sr:competitor:122668,"Daniel, Jaeda",USA,USA,DAN,
sr:competitor:501894,"Vidmanova, Darja",Czechia,CZE,VID,
sr:competitor:98523,"Ye, Qiu Yu",China,CHN,QIU,
sr:competitor:192108,"Yastremska, Dayana",Ukraine,UKR,YAS,
sr:competitor:78431,"Lodikova, Daria",Neutral,,LOD,
sr:competitor:82609,"Grammatikopoulou, Valentini",Greece,GRC,GRA,
sr:competitor:102191,"Aksu, Ayla",Turkiye,TUR,AKS,
sr:competitor:42492,"Kawa, Katarzyna",Poland,POL,KAW,
sr:competitor:46650,"Kolb, Nadiia",Ukraine,UKR,KOL,
sr:competitor:496378,"Yamazaki, Ikumi",Japan,JPN,YAM,
sr:competitor:51315,"Anderson, Robin",USA,USA,AND,
sr:competitor:771430,"Naef, Celine",Switzerland,CHE,NAE,
sr:competitor:849553,"Yao, Xinxin",China,CHN,YAO,
sr:competitor:319461,"Hu, Victoria",USA,USA,VIC,
sr:competitor:409673,"Zelnickova, Radka",Slovakia,SVK,ZEL,
sr:competitor:244985,"Lahey, Ashley",USA,USA,LAH,
sr:competitor:61922,"Drazic, Mariana",Croatia,HRV,DRA,
sr:competitor:387110,"Lacasse, Raphaelle",Canada,CAN,LAC,
sr:competitor:345134,"Lee, Ya-Hsin",Chinese Taipei,TPE,LEE,
sr:competitor:164852,"Okalova, Martina",Slovakia,SVK,OKA,
sr:competitor:106341,"Knutson, Gabriela",Czechia,CZE,KNU,
sr:competitor:827398,"Stankovic, Anja",Serbia,SRB,STA,
sr:competitor:62924,"Boulter, Katie",Great Britain,GBR,BOU,
sr:competitor:72450,"Hibino, Nao",Japan,JPN,HIB,
sr:competitor:60028,"Zeballos Melgar, Noelia",Bolivia,BOL,ZEM,
sr:competitor:412817,"Pigato, Lisa",Italy,ITA,PIG,
sr:competitor:49118,"Harrison, Catherine",USA,USA,HAR,
sr:competitor:198498,"Hutchinson, Holly",Great Britain,GBR,HUT,
sr:competitor:845268,"Korneeva, Alina",Neutral,,KOR,
sr:competitor:624838,"Shi, Han",China,CHN,SHI,
sr:competitor:329009,"Ryser, Valentina",Switzerland,CHE,RYS,
sr:competitor:662257,"Havlickova, Lucie",Czechia,CZE,HAV,
sr:competitor:23688,"Moore, Tara",Great Britain,GBR,MOO,
sr:competitor:118052,"Oz, Ipek",Turkiye,TUR,IPE,
sr:competitor:882091,"Valdmannova, Vendula",Czechia,CZE,VAL,
sr:competitor:801420,"Fontenel, Chelsea",Switzerland,CHE,FON,
sr:competitor:41404,"Watson, Heather",Great Britain,GBR,WAT,
sr:competitor:192572,"Portillo Ramirez, Maria Jose",Mexico,MEX,POR,
sr:competitor:799662,"Lincer, Olivia",Poland,POL,LIN,
sr:competitor:246945,"Da Silva Fick, Gabriella",Australia,AUS,DA,
sr:competitor:42339,"Garcia, Caroline",France,FRA,GAR,
sr:competitor:506786,"Zamarripa, Allura",USA,USA,ZAM,
sr:competitor:129534,"Hruncakova, Viktoria",Slovakia,SVK,HRU,
sr:competitor:286459,"Allen, Victoria",Great Britain,GBR,ALL,
sr:competitor:242504,"Mattel, Marie",France,FRA,MAT,
sr:competitor:65610,"Wagner, Anita",Bosnia & Herzegovina,BIH,WAG,
sr:competitor:534045,"Gibson, Talia",Australia,AUS,GIB,
sr:competitor:341196,"Back, Dayeon",Republic of Korea,KOR,BAC,
sr:competitor:378226,"Crawley, Fiona",USA,USA,CRA,
sr:competitor:278943,"Lansere, Sofya",Neutral,,LAN,
sr:competitor:137948,"Chang, Hanna",USA,USA,CHA,
sr:competitor:54397,"Tig, Patricia Maria",Romania,ROU,TIG,
sr:competitor:476218,"Kawaguchi, Natsumi",Japan,JPN,KAW,
sr:competitor:32862,"Diatchenko, Vitalia",Neutral,,DIA,
sr:competitor:499484,"Montgomery, Robin",USA,USA,MON,
sr:competitor:380396,"Kalieva, Elvina",USA,USA,KAL,
sr:competitor:194690,"Mateas, Maria",USA,USA,MAT,
sr:competitor:673491,"Szabo, Briana",Romania,ROU,SZA,
sr:competitor:1115539,"Panshina, Varvara",Neutral,,PAN,
sr:competitor:445209,"Xiao, Zhenghua",China,CHN,XIA,
sr:competitor:858867,"Pace, Francesca",Italy,ITA,PAC,
sr:competitor:352784,"Adeshina, Esther",Great Britain,GBR,ADE,
sr:competitor:152766,"Helgo, Malene",Norway,NOR,HEL,
sr:competitor:201105,"Yuan, Chengyiyi",China,CHN,YUA,
sr:competitor:436690,"Tkacheva, Mariia",Neutral,,TKA,
sr:competitor:254553,"Nagy, Adrienn",Hungary,HUN,NAG,
sr:competitor:878645,"Osuigwe, Victoria",USA,USA,OSU,
sr:competitor:265553,"Naito, Yuki",Japan,JPN,NAI,
sr:competitor:47876,"Shinikova, Isabella",Bulgaria,BGR,SHI,
sr:competitor:108857,"Lewis, Mary",USA,USA,LEW,
sr:competitor:813176,"Mboko, Victoria",Canada,CAN,MBO,
sr:competitor:206995,"Rosca, Christina",USA,USA,ROS,
sr:competitor:41359,"Yashina, Ekaterina",Neutral,,YAS,
sr:competitor:98607,"Chang, Sophie",USA,USA,CHA,
sr:competitor:720627,"Senic, Natalija",Serbia,SRB,SEN,
sr:competitor:47948,"Rosolska, Alicja",Poland,POL,ROS,
sr:competitor:71730,"Kulikov, Angela",USA,USA,KUL,
sr:competitor:435794,"Zolotareva, Anastasia",Neutral,,ZOL,
sr:competitor:280989,"Kawamura, Mana",Japan,JPN,KAW,
sr:competitor:233748,"El Jardi, Diae",Morocco,MAR,EL,
sr:competitor:310982,"Naklo, Thasaporn",Thailand,THA,NAK,
sr:competitor:72860,"Kim, Na Ri",Republic of Korea,KOR,KIM,
sr:competitor:185412,"Labrana, Fernanda",Chile,CHL,LAB,
sr:competitor:209716,"Mansouri, Yasmine",France,FRA,MAN,
sr:competitor:938103,"Hamilton, Alanis",USA,USA,HAM,
sr:competitor:54983,"Morderger, Tayisiya",Germany,DEU,MOR,
sr:competitor:63238,"Morderger, Yana",Germany,DEU,MOR,
sr:competitor:107327,"In-Albon, Ylena",Switzerland,CHE,IN-,
sr:competitor:156098,"Arakawa, Haruna",Japan,JPN,ARA,
sr:competitor:18919,"Lepchenko, Varvara",USA,USA,LEP,
sr:competitor:505970,"Janicijevic, Selena",France,FRA,JAN,
sr:competitor:978809,"Grant, Tyra Caterina",Italy,ITA,GRA,
sr:competitor:448613,"Falkner, Ziva",Slovenia,SVN,FAL,
sr:competitor:728507,"Dudeney, Alicia",Great Britain,GBR,DUD,
sr:competitor:1020177,"Huang, Yujia",China,CHN,HUA,
sr:competitor:182056,"Robbe, Alice",France,FRA,ROB,
sr:competitor:154744,"Lee, Eunhye (2000)",Republic of Korea,KOR,LEE,
sr:competitor:147506,"Fourlis, Jaimee",Australia,AUS,FOU,
sr:competitor:208181,"Hatouka, Yuliya",Neutral,,HAT,
sr:competitor:797346,"Zelinskaya, Daria",Neutral,,ZEL,
sr:competitor:517006,"Martinez Vaquero, Maria",Spain,ESP,MAR,
sr:competitor:45902,"Sasnovich, Aliaksandra",Neutral,,SAS,
sr:competitor:337811,"Ortenzi, Jazmin",Argentina,ARG,ORT,
sr:competitor:569009,"Ccuno, Romina",Peru,PER,CCU,
sr:competitor:1008651,"Adams, Julia",USA,USA,ADA,
sr:competitor:54175,"Zimmermann, Kimberley",Belgium,BEL,ZIM,
sr:competitor:518748,"Rey Garcia, Alba",Spain,ESP,REY,
sr:competitor:225468,"Vagramov, Alexandra",Canada,CAN,VAG,
sr:competitor:395740,"Bhamidipaty, Shrivalli Rashmikaa",India,IND,BHA,
sr:competitor:335165,"Ku, Yeon Woo",Republic of Korea,KOR,YEO,
sr:competitor:152762,"Kuczer, Daria",Poland,POL,KUC,
sr:competitor:341216,"Charaeva, Alina",Neutral,,CHA,
sr:competitor:120664,"Pedretti, Thaisa Grana",Brazil,BRA,PED,
sr:competitor:567285,"Hietaranta, Laura",Finland,FIN,HIE,
sr:competitor:157368,"Kazionova, Ekaterina",Neutral,,KAZ,
sr:competitor:285629,"Hindova, Denisa",Czechia,CZE,HIN,
sr:competitor:282219,"Sakatsume, Himeno",Japan,JPN,SAK,
sr:competitor:341238,"Boehner, Laura",Germany,DEU,BOE,
sr:competitor:61606,"Sizikova, Yana",Neutral,,SIZ,
sr:competitor:857871,"de Stefano, Samira",Italy,ITA,DE,
sr:competitor:133080,"Hinojosa Gomez, Jessica",Mexico,MEX,HIN,
sr:competitor:195404,"Miyamoto, Ayumi",Japan,JPN,MIY,
sr:competitor:330689,"Kovapitukted, Punnin",Thailand,THA,KOV,
sr:competitor:522848,"Rocchetti, Sofia",Italy,ITA,ROC,
sr:competitor:260987,"Osuigwe, Whitney",USA,USA,OSU,
sr:competitor:356694,"Lee, Carol Young Suh",USA,USA,LEE,
sr:competitor:46528,"Perrin, Conny",Switzerland,CHE,PER,
sr:competitor:620340,"Korokozidi, Elena",Greece,GRC,KOR,
sr:competitor:75825,"Bektas, Emina",USA,USA,BEK,
sr:competitor:933453,"Brockmann, Tessa Johanna",Germany,DEU,BRO,
sr:competitor:906635,"Shubladze, Alexandra",Neutral,,SHU,
sr:competitor:849533,"Lin, Fang An",Chinese Taipei,TPE,LIN,
sr:competitor:1027515,"Du Pree, Britt",Netherlands,NLD,DU,
sr:competitor:762764,"Daems, Josy",Germany,DEU,DAE,
sr:competitor:225130,"Starodubtseva, Yuliia",Ukraine,UKR,STA,
sr:competitor:134532,"You, Xiaodi",China,CHN,YOU,
sr:competitor:79443,"Cabrera, Lizette",Australia,AUS,CAB,
sr:competitor:310984,"Sato, Naho",Japan,JPN,SAT,
sr:competitor:494296,"Steur, Joelle Lilly Sophie",Germany,DEU,STE,
sr:competitor:467035,"Timofeeva, Maria",Neutral,,TIM,
sr:competitor:152708,"Brune Olsen, Astrid Wanja",Norway,NOR,BRU,
sr:competitor:67194,"Kolb, Maryna",Ukraine,UKR,KOL,
sr:competitor:153744,"Pereira, Rebeca",Brazil,BRA,PER,
sr:competitor:259745,"Hertel, Anna",Poland,POL,HER,
sr:competitor:873729,"Bojica, Stefania",Romania,ROU,BOJ,
sr:competitor:763112,"Struplova, Julie",Czechia,CZE,STR,
sr:competitor:340365,"Milovanovic, Elena",Serbia,SRB,MIL,
sr:competitor:58053,"Sharma, Astra",Australia,AUS,SHA,
sr:competitor:770242,"Basiletti, Noemi",Italy,ITA,BAS,
sr:competitor:315623,"Wang, Jiaqi",China,CHN,WAN,
sr:competitor:840734,"Walker, Brandy",USA,USA,WAL,
sr:competitor:577523,"Brantmeier, Reese",USA,USA,BRA,
sr:competitor:432605,"Makarova, Ekaterina",Neutral,,MAK,
sr:competitor:130624,"Gasanova, Anastasia",Neutral,,GAS,
sr:competitor:37638,"Sema, Erika",Japan,JPN,SEM,
sr:competitor:52489,"Schoofs, Bibiane",Netherlands,NLD,SCH,
sr:competitor:881849,"Sonobe, Wakana",Japan,JPN,SON,
sr:competitor:1006809,"Zampardo, Maddy",USA,USA,ZAM,
sr:competitor:505580,"Sahdiieva, Anita",Ukraine,UKR,SAH,
sr:competitor:861587,"Ansari, Carolyn",USA,USA,ANS,
sr:competitor:170880,"Kononova, Maria",Neutral,,KON,
sr:competitor:202803,"Bakhmutkina, Polina",Neutral,,BAK,
sr:competitor:171354,"Romero, Camila",Ecuador,ECU,ROM,
sr:competitor:142758,"Zhang, Ying",China,CHN,ZHA,
sr:competitor:158636,"Prisacariu, Andreea",Romania,ROU,PRI,
sr:competitor:217056,"Cortez Llorca, Lucia",Spain,ESP,COR,
sr:competitor:299308,"Smith, Tina Nadine",Australia,AUS,SMI,
sr:competitor:722877,"Ciric-Bagaric, Lucija",Croatia,HRV,CIR,
sr:competitor:83607,"Capurro Taborda, Martina",Argentina,ARG,CAP,
sr:competitor:723099,"Ewald, Weronika",Poland,POL,EWA,
sr:competitor:319349,"Rouvroy, Margaux",France,FRA,ROU,
sr:competitor:299258,"Bartone, Kamilla",Latvia,LVA,BAR,
sr:competitor:48455,"Golubic, Viktorija",Switzerland,CHE,GOL,
sr:competitor:25066,"McHale, Christina",USA,USA,MCH,
sr:competitor:932867,"Firman, Anastasiia",Ukraine,UKR,FIR,
sr:competitor:72634,"Ozeki, Michika",Japan,JPN,OZE,
sr:competitor:360054,"Allen, Kolie",USA,USA,ALL,
sr:competitor:161270,"Salden, Lara",Belgium,BEL,SAL,
sr:competitor:967949,"Adkar, Vaishnavi",India,IND,ADK,
sr:competitor:604388,"Tararudee, Lanlana",Thailand,THA,TAR,
sr:competitor:103375,"Serban, Raluca Georgiana",Cyprus,CYP,SER,
sr:competitor:833336,"Bertea, Elena Ruxandra",Romania,ROU,BER,
sr:competitor:786310,"Moyano, Luciana",Argentina,ARG,MOY,
sr:competitor:221510,"Chiesa, Enola",Italy,ITA,CHI,
sr:competitor:373354,"Cocciaretto, Elisabetta",Italy,ITA,COC,
sr:competitor:110299,"Zidansek, Tamara",Slovenia,SVN,ZID,
sr:competitor:445421,"Selekhmeteva, Oksana",Neutral,,SEL,
sr:competitor:99405,"Inglis, Maddison",Australia,AUS,ING,
sr:competitor:262023,"Wang, Meiling",China,CHN,WAN,
sr:competitor:568103,"Tran, Demi",Netherlands,NLD,TRA,
sr:competitor:132370,"Kasatkina, Daria",Australia,AUS,KAS,
sr:competitor:280635,"Schmidt, Antonia",Germany,DEU,SCH,
sr:competitor:510068,"Dapkute, Iveta",Lithuania,LTU,DAP,
sr:competitor:782216,"Drugdova, Salma",Slovakia,SVK,DRU,
sr:competitor:831284,"Kuramochi, Miho",Japan,JPN,KUR,
sr:competitor:675193,"Costoulas, Sofia",Belgium,BEL,COS,
sr:competitor:567551,"Cabezas Dominguez, Sofia Elena",Venezuela,VEN,CAB,
sr:competitor:41737,"Jang, Su Jeong",Republic of Korea,KOR,JAN,
sr:competitor:810694,"Okuwaki, Rinon",Japan,JPN,OKU,
sr:competitor:780674,"Reguer, Alyssa",France,FRA,REG,
sr:competitor:499098,"Ito, Aoi",Japan,JPN,ITO,
sr:competitor:63682,"Lazaro Garcia, Andrea",Spain,ESP,LAZ,
sr:competitor:282057,"Guo, Meiqi",China,CHN,GUO,
sr:competitor:42864,"Lizarazo, Yuliana",Colombia,COL,LIZ,
sr:competitor:183861,"Bassols Ribera, Marina",Spain,ESP,BAS,
sr:competitor:731379,"Geerlings Martinez, Ariana",Spain,ESP,GEE,
sr:competitor:343294,"Kubanova, Karolina",Czechia,CZE,KUB,
sr:competitor:189250,"Podlinska, Marcelina",Poland,POL,POD,
sr:competitor:858079,"Bulatova, Arina",Neutral,,BUL,
sr:competitor:768470,"Turini, Viola",Italy,ITA,TUR,
sr:competitor:784280,"Prozorova, Tatiana",Neutral,,PRO,
sr:competitor:181062,"Kung, Leonie",Switzerland,CHE,KUN,
sr:competitor:194572,"Dartron, Emeline",France,FRA,DAR,
sr:competitor:790640,"Marcinko, Petra",Croatia,HRV,MAR,
sr:competitor:286451,"Sevcikova, Linda",Czechia,CZE,SEV,
sr:competitor:504238,"Sierra, Solana",Argentina,ARG,SIE,
sr:competitor:915129,"Jamrichova, Renata",Slovakia,SVK,JAM,
sr:competitor:343066,"Hosogi, Sakura",Japan,JPN,HOS,
